SNP,A1.x,A2.x,freq.x,b.x,se.x,p.x,N.x,A1.y,A2.y,freq.y,b.y,se.y,p.y,N.y
rs11771411,T,C,0.350803,0.0533879,0.0103315,2.52720225258884e-07,361547,T,C,0.366,-0.0365,0.0085,1.666e-05,487511
rs11767776,G,T,0.348653,0.0522301,0.0103465,4.73707215560786e-07,361547,T,G,0.6366,0.0369,0.0085,1.33e-05,487511
rs10276070,T,C,0.348779,0.0522818,0.0103456,4.60542803126127e-07,361547,T,C,0.3634,-0.037,0.0085,1.24e-05,487511
rs4722756,A,G,0.347301,0.0521622,0.0103567,5.03210853945026e-07,361547,A,G,0.3607,-0.0387,0.0085,5.046e-06,487511
rs6977955,C,T,0.800429,-0.049961,0.0122443,4.83247927332334e-05,361547,T,C,0.2103,-0.0558,0.01,2.421e-08,487511
rs2391591,G,T,0.362428,0.0437442,0.0102753,2.13855291188e-05,361547,T,G,0.6266,0.035,0.0084,3.096e-05,487511
rs4719922,C,T,0.80045,-0.0499921,0.0122442,4.78035335439968e-05,361547,T,C,0.2099,-0.0559,0.01,2.337e-08,487511
rs10275989,C,T,0.35106,0.0535077,0.0103297,2.36450371121287e-07,361547,T,C,0.6341,0.0367,0.0085,1.472e-05,487511
rs9648346,C,G,0.800447,-0.0500587,0.0122432,4.6641230547031e-05,361547,C,G,0.7904,0.0559,0.01,2.389e-08,487511
rs6962289,C,A,0.362546,0.044162,0.0102734,1.77692869218943e-05,361547,A,C,0.6275,0.0354,0.0084,2.415e-05,487511
rs1985152,G,A,0.364797,0.0451396,0.0102636,1.13174868877162e-05,361547,A,G,0.6226,0.035,0.0084,3.045e-05,487511
rs10254284,A,T,0.343256,0.0510107,0.0103969,9.82268009101011e-07,361547,A,T,0.3556,-0.0377,0.0085,9.312e-06,487511
rs2189966,T,C,0.791614,-0.0562194,0.0120381,3.33380351383857e-06,361547,T,C,0.7775,0.0505,0.0098,2.749e-07,487511
rs917115,T,C,0.791586,-0.0563058,0.0120387,3.22418534772175e-06,361547,T,C,0.7773,0.0505,0.0098,2.718e-07,487511
rs917116,T,G,0.790749,-0.0564364,0.012026,2.98675775503349e-06,361547,T,G,0.7769,0.0507,0.0098,2.431e-07,487511
rs67250450,T,C,0.800038,-0.050007,0.012239,4.72008696125919e-05,361547,T,C,0.7875,0.0559,0.01,2.019e-08,487511
