SNP,A1.x,A2.x,freq.x,b.x,se.x,p.x,N.x,A1.y,A2.y,freq.y,b.y,se.y,p.y,N.y
rs11771411,T,C,0.350833,0.00742437,0.0010433,1.10943024160783e-12,360393,T,C,0.366,-0.0365,0.0085,1.666e-05,487511
rs11767776,G,T,0.348682,0.00748992,0.00104474,7.54570808545776e-13,360393,T,G,0.6366,0.0369,0.0085,1.33e-05,487511
rs10276070,T,C,0.348808,0.00751695,0.00104463,6.21155020832443e-13,360393,T,C,0.3634,-0.037,0.0085,1.24e-05,487511
rs4722756,A,G,0.347332,0.00757033,0.00104587,4.54359904929341e-13,360393,A,G,0.3607,-0.0387,0.0085,5.046e-06,487511
rs2391591,G,T,0.362464,0.00632827,0.00103601,1.00690848366023e-09,360393,T,G,0.6266,0.035,0.0084,3.096e-05,487511
rs10275989,C,T,0.351091,0.00744727,0.00104313,9.37777913412168e-13,360393,T,C,0.6341,0.0367,0.0085,1.472e-05,487511
rs6962289,C,A,0.362582,0.00630419,0.00103586,1.15824384231738e-09,360393,A,C,0.6275,0.0354,0.0084,2.415e-05,487511
rs1985152,G,A,0.364833,0.00620255,0.00103492,2.05631668780621e-09,360393,A,G,0.6226,0.035,0.0084,3.045e-05,487511
rs10254284,A,T,0.343287,0.00739343,0.00104989,1.89408733441534e-12,360393,A,T,0.3556,-0.0377,0.0085,9.312e-06,487511
