SNP,A1.x,A2.x,freq.x,b.x,se.x,p.x,N.x,A1.y,A2.y,freq.y,b.y,se.y,p.y,N.y,A1.x.x,A2.x.x,freq.x.x,b.x.x,se.x.x,p.x.x,N.x.x,A1.y.y,A2.y.y,freq.y.y,b.y.y,se.y.y,p.y.y,N.y.y
rs11771411,T,C,0.350833,0.00742437,0.0010433,1.10943024160783e-12,360393,T,C,0.350803,0.0533879,0.0103315,2.52720225258884e-07,361547,T,C,0.350803,0.0398339,0.00734019,5.99087143961267e-08,361547,T,C,0.366,-0.0365,0.0085,1.666e-05,487511
rs11767776,G,T,0.348682,0.00748992,0.00104474,7.54570808545776e-13,360393,G,T,0.348653,0.0522301,0.0103465,4.73707215560786e-07,361547,G,T,0.348653,0.0400554,0.00734949,5.26380751774531e-08,361547,T,G,0.6366,0.0369,0.0085,1.33e-05,487511
rs10276070,T,C,0.348808,0.00751695,0.00104463,6.21155020832443e-13,360393,T,C,0.348779,0.0522818,0.0103456,4.60542803126127e-07,361547,T,C,0.348779,0.0399007,0.00734883,5.90459344421613e-08,361547,T,C,0.3634,-0.037,0.0085,1.24e-05,487511
rs4722756,A,G,0.347332,0.00757033,0.00104587,4.54359904929341e-13,360393,A,G,0.347301,0.0521622,0.0103567,5.03210853945026e-07,361547,A,G,0.347301,0.0381241,0.00735895,2.29847614111374e-07,361547,A,G,0.3607,-0.0387,0.0085,5.046e-06,487511
rs2391591,G,T,0.362464,0.00632827,0.00103601,1.00690848366023e-09,360393,G,T,0.362428,0.0437442,0.0102753,2.13855291188e-05,361547,G,T,0.362428,0.0331324,0.00729616,5.73020289847236e-06,361547,T,G,0.6266,0.035,0.0084,3.096e-05,487511
rs10275989,C,T,0.351091,0.00744727,0.00104313,9.37777913412168e-13,360393,C,T,0.35106,0.0535077,0.0103297,2.36450371121287e-07,361547,C,T,0.35106,0.039705,0.00733892,6.57143172376812e-08,361547,T,C,0.6341,0.0367,0.0085,1.472e-05,487511
rs6962289,C,A,0.362582,0.00630419,0.00103586,1.15824384231738e-09,360393,C,A,0.362546,0.044162,0.0102734,1.77692869218943e-05,361547,C,A,0.362546,0.0337297,0.00729473,3.86135739139957e-06,361547,A,C,0.6275,0.0354,0.0084,2.415e-05,487511
rs1985152,G,A,0.364833,0.00620255,0.00103492,2.05631668780621e-09,360393,G,A,0.364797,0.0451396,0.0102636,1.13174868877162e-05,361547,G,A,0.364797,0.0330192,0.00728938,6.04198997017116e-06,361547,A,G,0.6226,0.035,0.0084,3.045e-05,487511
rs10254284,A,T,0.343287,0.00739343,0.00104989,1.89408733441534e-12,360393,A,T,0.343256,0.0510107,0.0103969,9.82268009101011e-07,361547,A,T,0.343256,0.0401423,0.0073849,5.71386532621492e-08,361547,A,T,0.3556,-0.0377,0.0085,9.312e-06,487511
